code,system
35206770,ICD10CM
35206770,ICD10CM
44834576,ICD10CM
44834576,ICD10CM
4120621,ICD10CM
4230266,ICD10CM
4120621,ICD10CM
4230266,ICD10CM
35206770,ICD10CM
35206770,ICD10CM
44834576,ICD10CM
44834576,ICD10CM
4120621,ICD10CM
4230266,ICD10CM
4120621,ICD10CM
4230266,ICD10CM
318397,ICD10CM
318397,ICD10CM
318397,ICD10CM
318397,ICD10CM
4102469,ICD10CM
4102469,ICD10CM
4102469,ICD10CM
4102469,ICD10CM
4137430,ICD10CM
4137430,ICD10CM
4137430,ICD10CM
4137430,ICD10CM
4204900,ICD10CM
4204900,ICD10CM
4204900,ICD10CM
4204900,ICD10CM
4301602,ICD10CM
4301602,ICD10CM
4301602,ICD10CM
4301602,ICD10CM